login,EZproxy Login
ebscohost-content.com,EBSCOhost
search.ebscohost.com,EBSCOhost
search-ebscohost.com,EBSCOhost
searc.eb.com,EBSCOhost
ebscohost.com,EBSCOhost
bkflix,Book Flix
crcro,Consumer Reports
consumer,Consumer Reports
morningstar,Morningstar
referenceusa,Reference USA
escolar,Britannica - Escolar
moderna,Britannica - Moderna
americanancestors.org,American Ancestors
ksuc,State Library Database
ancestrylibrary.com,Ancestry Library Edition
school.eb.com,Britannica - School
academic.eb.com,Britannica - Academic
world.eb.com,Britannica - Academic
library.eb.com,Britannica - Library
newspaperarchive.com,Newspaper Archive
newsbank,Newsbank
alldatapro,All Data Pro
novplus,Novelist Plus
nextreads,Novelist Plus
contentcafe2,Novelist Plus
foundationcenter.org,Foundation Grants
worldbookonline.com,World Book Online
gale,Genealogy Connect
eb.ipublishcentral.com,E-Stax
dataid=95,Literature Resource Ctr
dataid=51,Informe En Espanol
dataid=308,Heritage Quest
scirc,Science Reference Center
hirc,Home Improvement Reference Center
hcrc,Hobbies and Crafts Reference Center
serrc,Small Engine Repair
dataid=283,ProQuest - Nursing
eric,ERIC
eax,Education Abstract
hev,European Views of the Americas
zbh,Fuente Academia
8gh,GreenFILE
hxh,Health Source Consumer
hch,Health Source Academic
hist,History Reference Center
srck5,Kid Search
lgh,Legal
lii,Library Literature
lxh,LISTA
lrc,Literary Reference Center
ulh,MAS Ultra School Ed
f5h,MasterFILE
lth,MedicLatina
cmedm,Medline
mth,Military and Government
n5h,Newspaper Source Plus
tfh,Professional Development
pbh,Psychology
bwh,Regional Business
rlh,Religion
sbrc,Small Business Reference Center
trh,Teacher Reference Center
tth,TOPICsearch
voh,Vocational
dataid=2125,Blooms Literature
aph,Academic Search Premier
agr,Agricola
awh,Alternative Health Watch
asa,Applied Science
aax,Art Abstracts
aft,Art Full Text
automate,Automate
ndh,Book Collection - Nonfiction
buh,Business Source Premier
cph,Computer Source
chc,Consumer Health Complete
cro,Consumer Reports
autorefctr,Auto Reference Center
ezproxy1.salpublib.org,EZProxy Admin
digital.scholastic.com,BookFlix
ancestrylibrary.proquest.com,Ancestry Library Edition